1,2,3,4,5,6,7,8,9,10,11,12,13,14,15,16,17,18,19,20,21,22,23,24,25,26,27,28,29,30,31,32,33,34,35,36,37,38,39,40,41,42,43,44,45,46,47,48,49,50,51,52,53
3,1;0,8,3,2;0,4;0,8,13,5;0,6;0,7;0,13,19,9;0,10;0,11;0,12;0,19,26,14;0,15;0,16;0,17;0,18;0,26,34,20;0,21;0,22;0,23;0,24;0,25;0,34,43,27;0,28;0,29;0,30;0,31;0,32;0,33;0,43,53,35;0,36;0,37;0,38;0,39;0,40;0,41;0,42;0,53,64
2,5,1;4,6,9,10,11,3;7,14,15,16,17,8;12,20,21,22,23,24,13;18,27,28,29,30,31,32,19;25,35,36,37,38,39,40,41,26;33,44,45,46,47,48,49,50,51,34;42,54,55,56,57,58,59,60,61,62,43;52
4,2,7,1;4,5,6,3;7,12,9,10,11,8;12,18,14,15,16,17,13;18,25,20,21,22,23,24,19;25,33,27,28,29,30,31,32,26;33,42,35,36,37,38,39,40,41,34;42,52,44,45,46,47,48,49,50,51,43;52,63
8,3;0,13,8,1;0,3;0,13,19,2;0,4;0,8;0,19,26,5;0,6;0,7;0,13;0,26,34,9;0,10;0,11;0,12;0,19;0,34,43,14;0,15;0,16;0,17;0,18;0,26;0,43,53,20;0,21;0,22;0,23;0,24;0,25;0,34;0,53,64,27;0,28;0,29;0,30;0,31;0,32;0,33;0,43;0,64,76
7,4;0,12,7,2;0,1;4;0,12,18,5;0,6;0,3;7;0,18,25,9;0,10;0,11;0,8;12;0,25,33,14;0,15;0,16;0,17;0,13;18;0,33,42,20;0,21;0,22;0,23;0,24;0,19;25;0,42,52,27;0,28;0,29;0,30;0,31;0,32;0,26;33;0,52,63,35;0,36;0,37;0,38;0,39;0,40;0,41;0,34;42;0,63,75
6,5,11,2;6,9,10,1;4;11,17,14,15,16,3;7;17,24,20,21,22,23,8;12;24,32,27,28,29,30,31,13;18;32,41,35,36,37,38,39,40,19;25;41,51,44,45,46,47,48,49,50,26;33;51,62,54,55,56,57,58,59,60,61,34;42;62,74
5,9,2;6,10,14,15,16,1;4;11,20,21,22,23,3;7;17,27,28,29,30,31,8;12;24,35,36,37,38,39,40,13;18;32,44,45,46,47,48,49,50,19;25;41,54,55,56,57,58,59,60,61,26;33;51,65,66,67,68,69,70,71,72,73,34;42;62
13,8;0,19,13,3;0,8;0,19,26,1;0,3;0,13;0,26,34,2;0,4;0,8;0,19;0,34,43,5;0,6;0,7;0,13;0,26;0,43,53,9;0,10;0,11;0,12;0,19;0,34;0,53,64,14;0,15;0,16;0,17;0,18;0,26;0,43;0,64,76,20;0,21;0,22;0,23;0,24;0,25;0,34;0,53;0,76,89
12,7;0,18,12,4;0,7;0,18,25,2;0,1;4;0,12;0,25,33,5;0,6;0,3;7;0,18;0,33,42,9;0,10;0,11;0,8;12;0,25;0,42,52,14;0,15;0,16;0,17;0,13;18;0,33;0,52,63,20;0,21;0,22;0,23;0,24;0,19;25;0,42;0,63,75,27;0,28;0,29;0,30;0,31;0,32;0,26;33;0,52;0,75,88
11,6;0,17,11,5;0,2;6;0,17,24,9;0,10;0,1;4;11;0,24,32,14;0,15;0,16;0,3;7;17;0,32,41,20;0,21;0,22;0,23;0,8;12;24;0,41,51,27;0,28;0,29;0,30;0,31;0,13;18;32;0,51,62,35;0,36;0,37;0,38;0,39;0,40;0,19;25;41;0,62,74,44;0,45;0,46;0,47;0,48;0,49;0,50;0,26;33;51;0,74,87
10,9,16,5;10,14,15,2;6;16,23,20,21,22,1;4;11;23,31,27,28,29,30,3;7;17;31,40,35,36,37,38,39,8;12;24;40,50,44,45,46,47,48,49,13;18;32;50,61,54,55,56,57,58,59,60,19;25;41;61,73,65,66,67,68,69,70,71,72,26;33;51;73,86
9,14,5;10,15,20,21,22,2;6;16,27,28,29,30,1;4;11;23,35,36,37,38,39,3;7;17;31,44,45,46,47,48,49,8;12;24;40,54,55,56,57,58,59,60,13;18;32;50,65,66,67,68,69,70,71,72,19;25;41;61,77,78,79,80,81,82,83,84,85,26;33;51;73
19,13;0,26,19,8;0,13;0,26,34,3;0,8;0,19;0,34,43,1;0,3;0,13;0,26;0,43,53,2;0,4;0,8;0,19;0,34;0,53,64,5;0,6;0,7;0,13;0,26;0,43;0,64,76,9;0,10;0,11;0,12;0,19;0,34;0,53;0,76,89,14;0,15;0,16;0,17;0,18;0,26;0,43;0,64;0,89,103
18,12;0,25,18,7;0,12;0,25,33,4;0,7;0,18;0,33,42,2;0,1;4;0,12;0,25;0,42,52,5;0,6;0,3;7;0,18;0,33;0,52,63,9;0,10;0,11;0,8;12;0,25;0,42;0,63,75,14;0,15;0,16;0,17;0,13;18;0,33;0,52;0,75,88,20;0,21;0,22;0,23;0,24;0,19;25;0,42;0,63;0,88,102
17,11;0,24,17,6;0,11;0,24,32,5;0,2;6;0,17;0,32,41,9;0,10;0,1;4;11;0,24;0,41,51,14;0,15;0,16;0,3;7;17;0,32;0,51,62,20;0,21;0,22;0,23;0,8;12;24;0,41;0,62,74,27;0,28;0,29;0,30;0,31;0,13;18;32;0,51;0,74,87,35;0,36;0,37;0,38;0,39;0,40;0,19;25;41;0,62;0,87,101
16,10;0,23,16,9;0,5;10;0,23,31,14;0,15;0,2;6;16;0,31,40,20;0,21;0,22;0,1;4;11;23;0,40,50,27;0,28;0,29;0,30;0,3;7;17;31;0,50,61,35;0,36;0,37;0,38;0,39;0,8;12;24;40;0,61,73,44;0,45;0,46;0,47;0,48;0,49;0,13;18;32;50;0,73,86,54;0,55;0,56;0,57;0,58;0,59;0,60;0,19;25;41;61;0,86,100
15,14,22,9;15,20,21,5;10;22,30,27,28,29,2;6;16;30,39,35,36,37,38,1;4;11;23;39,49,44,45,46,47,48,3;7;17;31;49,60,54,55,56,57,58,59,8;12;24;40;60,72,65,66,67,68,69,70,71,13;18;32;50;72,85,77,78,79,80,81,82,83,84,19;25;41;61;85,99
14,20,9;15,21,27,28,29,5;10;22,35,36,37,38,2;6;16;30,44,45,46,47,48,1;4;11;23;39,54,55,56,57,58,59,3;7;17;31;49,65,66,67,68,69,70,71,8;12;24;40;60,77,78,79,80,81,82,83,84,13;18;32;50;72,90,91,92,93,94,95,96,97,98,19;25;41;61;85
26,19;0,34,26,13;0,19;0,34,43,8;0,13;0,26;0,43,53,3;0,8;0,19;0,34;0,53,64,1;0,3;0,13;0,26;0,43;0,64,76,2;0,4;0,8;0,19;0,34;0,53;0,76,89,5;0,6;0,7;0,13;0,26;0,43;0,64;0,89,103,9;0,10;0,11;0,12;0,19;0,34;0,53;0,76;0,103,118
25,18;0,33,25,12;0,18;0,33,42,7;0,12;0,25;0,42,52,4;0,7;0,18;0,33;0,52,63,2;0,1;4;0,12;0,25;0,42;0,63,75,5;0,6;0,3;7;0,18;0,33;0,52;0,75,88,9;0,10;0,11;0,8;12;0,25;0,42;0,63;0,88,102,14;0,15;0,16;0,17;0,13;18;0,33;0,52;0,75;0,102,117
24,17;0,32,24,11;0,17;0,32,41,6;0,11;0,24;0,41,51,5;0,2;6;0,17;0,32;0,51,62,9;0,10;0,1;4;11;0,24;0,41;0,62,74,14;0,15;0,16;0,3;7;17;0,32;0,51;0,74,87,20;0,21;0,22;0,23;0,8;12;24;0,41;0,62;0,87,101,27;0,28;0,29;0,30;0,31;0,13;18;32;0,51;0,74;0,101,116
23,16;0,31,23,10;0,16;0,31,40,9;0,5;10;0,23;0,40,50,14;0,15;0,2;6;16;0,31;0,50,61,20;0,21;0,22;0,1;4;11;23;0,40;0,61,73,27;0,28;0,29;0,30;0,3;7;17;31;0,50;0,73,86,35;0,36;0,37;0,38;0,39;0,8;12;24;40;0,61;0,86,100,44;0,45;0,46;0,47;0,48;0,49;0,13;18;32;50;0,73;0,100,115
22,15;0,30,22,14;0,9;15;0,30,39,20;0,21;0,5;10;22;0,39,49,27;0,28;0,29;0,2;6;16;30;0,49,60,35;0,36;0,37;0,38;0,1;4;11;23;39;0,60,72,44;0,45;0,46;0,47;0,48;0,3;7;17;31;49;0,72,85,54;0,55;0,56;0,57;0,58;0,59;0,8;12;24;40;60;0,85,99,65;0,66;0,67;0,68;0,69;0,70;0,71;0,13;18;32;50;72;0,99,114
21,20,29,14;21,27,28,9;15;29,38,35,36,37,5;10;22;38,48,44,45,46,47,2;6;16;30;48,59,54,55,56,57,58,1;4;11;23;39;59,71,65,66,67,68,69,70,3;7;17;31;49;71,84,77,78,79,80,81,82,83,8;12;24;40;60;84,98,90,91,92,93,94,95,96,97,13;18;32;50;72;98,113
20,27,14;21,28,35,36,37,9;15;29,44,45,46,47,5;10;22;38,54,55,56,57,58,2;6;16;30;48,65,66,67,68,69,70,1;4;11;23;39;59,77,78,79,80,81,82,83,3;7;17;31;49;71,90,91,92,93,94,95,96,97,8;12;24;40;60;84,104,105,106,107,108,109,110,111,112,13;18;32;50;72;98
34,26;0,43,34,19;0,26;0,43,53,13;0,19;0,34;0,53,64,8;0,13;0,26;0,43;0,64,76,3;0,8;0,19;0,34;0,53;0,76,89,1;0,3;0,13;0,26;0,43;0,64;0,89,103,2;0,4;0,8;0,19;0,34;0,53;0,76;0,103,118,5;0,6;0,7;0,13;0,26;0,43;0,64;0,89;0,118,134
33,25;0,42,33,18;0,25;0,42,52,12;0,18;0,33;0,52,63,7;0,12;0,25;0,42;0,63,75,4;0,7;0,18;0,33;0,52;0,75,88,2;0,1;4;0,12;0,25;0,42;0,63;0,88,102,5;0,6;0,3;7;0,18;0,33;0,52;0,75;0,102,117,9;0,10;0,11;0,8;12;0,25;0,42;0,63;0,88;0,117,133
32,24;0,41,32,17;0,24;0,41,51,11;0,17;0,32;0,51,62,6;0,11;0,24;0,41;0,62,74,5;0,2;6;0,17;0,32;0,51;0,74,87,9;0,10;0,1;4;11;0,24;0,41;0,62;0,87,101,14;0,15;0,16;0,3;7;17;0,32;0,51;0,74;0,101,116,20;0,21;0,22;0,23;0,8;12;24;0,41;0,62;0,87;0,116,132
31,23;0,40,31,16;0,23;0,40,50,10;0,16;0,31;0,50,61,9;0,5;10;0,23;0,40;0,61,73,14;0,15;0,2;6;16;0,31;0,50;0,73,86,20;0,21;0,22;0,1;4;11;23;0,40;0,61;0,86,100,27;0,28;0,29;0,30;0,3;7;17;31;0,50;0,73;0,100,115,35;0,36;0,37;0,38;0,39;0,8;12;24;40;0,61;0,86;0,115,131
30,22;0,39,30,15;0,22;0,39,49,14;0,9;15;0,30;0,49,60,20;0,21;0,5;10;22;0,39;0,60,72,27;0,28;0,29;0,2;6;16;30;0,49;0,72,85,35;0,36;0,37;0,38;0,1;4;11;23;39;0,60;0,85,99,44;0,45;0,46;0,47;0,48;0,3;7;17;31;49;0,72;0,99,114,54;0,55;0,56;0,57;0,58;0,59;0,8;12;24;40;60;0,85;0,114,130
29,21;0,38,29,20;0,14;21;0,38,48,27;0,28;0,9;15;29;0,48,59,35;0,36;0,37;0,5;10;22;38;0,59,71,44;0,45;0,46;0,47;0,2;6;16;30;48;0,71,84,54;0,55;0,56;0,57;0,58;0,1;4;11;23;39;59;0,84,98,65;0,66;0,67;0,68;0,69;0,70;0,3;7;17;31;49;71;0,98,113,77;0,78;0,79;0,80;0,81;0,82;0,83;0,8;12;24;40;60;84;0,113,129
28,27,37,20;28,35,36,14;21;37,47,44,45,46,9;15;29;47,58,54,55,56,57,5;10;22;38;58,70,65,66,67,68,69,2;6;16;30;48;70,83,77,78,79,80,81,82,1;4;11;23;39;59;83,97,90,91,92,93,94,95,96,3;7;17;31;49;71;97,112,104,105,106,107,108,109,110,111,8;12;24;40;60;84;112,128
27,35,20;28,36,44,45,46,14;21;37,54,55,56,57,9;15;29;47,65,66,67,68,69,5;10;22;38;58,77,78,79,80,81,82,2;6;16;30;48;70,90,91,92,93,94,95,96,1;4;11;23;39;59;83,104,105,106,107,108,109,110,111,3;7;17;31;49;71;97,119,120,121,122,123,124,125,126,127,8;12;24;40;60;84;112
43,34;0,53,43,26;0,34;0,53,64,19;0,26;0,43;0,64,76,13;0,19;0,34;0,53;0,76,89,8;0,13;0,26;0,43;0,64;0,89,103,3;0,8;0,19;0,34;0,53;0,76;0,103,118,1;0,3;0,13;0,26;0,43;0,64;0,89;0,118,134,2;0,4;0,8;0,19;0,34;0,53;0,76;0,103;0,134,151
42,33;0,52,42,25;0,33;0,52,63,18;0,25;0,42;0,63,75,12;0,18;0,33;0,52;0,75,88,7;0,12;0,25;0,42;0,63;0,88,102,4;0,7;0,18;0,33;0,52;0,75;0,102,117,2;0,1;4;0,12;0,25;0,42;0,63;0,88;0,117,133,5;0,6;0,3;7;0,18;0,33;0,52;0,75;0,102;0,133,150
41,32;0,51,41,24;0,32;0,51,62,17;0,24;0,41;0,62,74,11;0,17;0,32;0,51;0,74,87,6;0,11;0,24;0,41;0,62;0,87,101,5;0,2;6;0,17;0,32;0,51;0,74;0,101,116,9;0,10;0,1;4;11;0,24;0,41;0,62;0,87;0,116,132,14;0,15;0,16;0,3;7;17;0,32;0,51;0,74;0,101;0,132,149
40,31;0,50,40,23;0,31;0,50,61,16;0,23;0,40;0,61,73,10;0,16;0,31;0,50;0,73,86,9;0,5;10;0,23;0,40;0,61;0,86,100,14;0,15;0,2;6;16;0,31;0,50;0,73;0,100,115,20;0,21;0,22;0,1;4;11;23;0,40;0,61;0,86;0,115,131,27;0,28;0,29;0,30;0,3;7;17;31;0,50;0,73;0,100;0,131,148
39,30;0,49,39,22;0,30;0,49,60,15;0,22;0,39;0,60,72,14;0,9;15;0,30;0,49;0,72,85,20;0,21;0,5;10;22;0,39;0,60;0,85,99,27;0,28;0,29;0,2;6;16;30;0,49;0,72;0,99,114,35;0,36;0,37;0,38;0,1;4;11;23;39;0,60;0,85;0,114,130,44;0,45;0,46;0,47;0,48;0,3;7;17;31;49;0,72;0,99;0,130,147
38,29;0,48,38,21;0,29;0,48,59,20;0,14;21;0,38;0,59,71,27;0,28;0,9;15;29;0,48;0,71,84,35;0,36;0,37;0,5;10;22;38;0,59;0,84,98,44;0,45;0,46;0,47;0,2;6;16;30;48;0,71;0,98,113,54;0,55;0,56;0,57;0,58;0,1;4;11;23;39;59;0,84;0,113,129,65;0,66;0,67;0,68;0,69;0,70;0,3;7;17;31;49;71;0,98;0,129,146
37,28;0,47,37,27;0,20;28;0,47,58,35;0,36;0,14;21;37;0,58,70,44;0,45;0,46;0,9;15;29;47;0,70,83,54;0,55;0,56;0,57;0,5;10;22;38;58;0,83,97,65;0,66;0,67;0,68;0,69;0,2;6;16;30;48;70;0,97,112,77;0,78;0,79;0,80;0,81;0,82;0,1;4;11;23;39;59;83;0,112,128,90;0,91;0,92;0,93;0,94;0,95;0,96;0,3;7;17;31;49;71;97;0,128,145
36,35,46,27;36,44,45,20;28;46,57,54,55,56,14;21;37;57,69,65,66,67,68,9;15;29;47;69,82,77,78,79,80,81,5;10;22;38;58;82,96,90,91,92,93,94,95,2;6;16;30;48;70;96,111,104,105,106,107,108,109,110,1;4;11;23;39;59;83;111,127,119,120,121,122,123,124,125,126,3;7;17;31;49;71;97;127,144
35,44,27;36,45,54,55,56,20;28;46,65,66,67,68,14;21;37;57,77,78,79,80,81,9;15;29;47;69,90,91,92,93,94,95,5;10;22;38;58;82,104,105,106,107,108,109,110,2;6;16;30;48;70;96,119,120,121,122,123,124,125,126,1;4;11;23;39;59;83;111,135,136,137,138,139,140,141,142,143,3;7;17;31;49;71;97;127
53,43;0,64,53,34;0,43;0,64,76,26;0,34;0,53;0,76,89,19;0,26;0,43;0,64;0,89,103,13;0,19;0,34;0,53;0,76;0,103,118,8;0,13;0,26;0,43;0,64;0,89;0,118,134,3;0,8;0,19;0,34;0,53;0,76;0,103;0,134,151,1;0,3;0,13;0,26;0,43;0,64;0,89;0,118;0,151,169
52,42;0,63,52,33;0,42;0,63,75,25;0,33;0,52;0,75,88,18;0,25;0,42;0,63;0,88,102,12;0,18;0,33;0,52;0,75;0,102,117,7;0,12;0,25;0,42;0,63;0,88;0,117,133,4;0,7;0,18;0,33;0,52;0,75;0,102;0,133,150,2;0,1;4;0,12;0,25;0,42;0,63;0,88;0,117;0,150,168
51,41;0,62,51,32;0,41;0,62,74,24;0,32;0,51;0,74,87,17;0,24;0,41;0,62;0,87,101,11;0,17;0,32;0,51;0,74;0,101,116,6;0,11;0,24;0,41;0,62;0,87;0,116,132,5;0,2;6;0,17;0,32;0,51;0,74;0,101;0,132,149,9;0,10;0,1;4;11;0,24;0,41;0,62;0,87;0,116;0,149,167
50,40;0,61,50,31;0,40;0,61,73,23;0,31;0,50;0,73,86,16;0,23;0,40;0,61;0,86,100,10;0,16;0,31;0,50;0,73;0,100,115,9;0,5;10;0,23;0,40;0,61;0,86;0,115,131,14;0,15;0,2;6;16;0,31;0,50;0,73;0,100;0,131,148,20;0,21;0,22;0,1;4;11;23;0,40;0,61;0,86;0,115;0,148,166
49,39;0,60,49,30;0,39;0,60,72,22;0,30;0,49;0,72,85,15;0,22;0,39;0,60;0,85,99,14;0,9;15;0,30;0,49;0,72;0,99,114,20;0,21;0,5;10;22;0,39;0,60;0,85;0,114,130,27;0,28;0,29;0,2;6;16;30;0,49;0,72;0,99;0,130,147,35;0,36;0,37;0,38;0,1;4;11;23;39;0,60;0,85;0,114;0,147,165
48,38;0,59,48,29;0,38;0,59,71,21;0,29;0,48;0,71,84,20;0,14;21;0,38;0,59;0,84,98,27;0,28;0,9;15;29;0,48;0,71;0,98,113,35;0,36;0,37;0,5;10;22;38;0,59;0,84;0,113,129,44;0,45;0,46;0,47;0,2;6;16;30;48;0,71;0,98;0,129,146,54;0,55;0,56;0,57;0,58;0,1;4;11;23;39;59;0,84;0,113;0,146,164
47,37;0,58,47,28;0,37;0,58,70,27;0,20;28;0,47;0,70,83,35;0,36;0,14;21;37;0,58;0,83,97,44;0,45;0,46;0,9;15;29;47;0,70;0,97,112,54;0,55;0,56;0,57;0,5;10;22;38;58;0,83;0,112,128,65;0,66;0,67;0,68;0,69;0,2;6;16;30;48;70;0,97;0,128,145,77;0,78;0,79;0,80;0,81;0,82;0,1;4;11;23;39;59;83;0,112;0,145,163
46,36;0,57,46,35;0,27;36;0,57,69,44;0,45;0,20;28;46;0,69,82,54;0,55;0,56;0,14;21;37;57;0,82,96,65;0,66;0,67;0,68;0,9;15;29;47;69;0,96,111,77;0,78;0,79;0,80;0,81;0,5;10;22;38;58;82;0,111,127,90;0,91;0,92;0,93;0,94;0,95;0,2;6;16;30;48;70;96;0,127,144,104;0,105;0,106;0,107;0,108;0,109;0,110;0,1;4;11;23;39;59;83;111;0,144,162
45,44,56,35;45,54,55,27;36;56,68,65,66,67,20;28;46;68,81,77,78,79,80,14;21;37;57;81,95,90,91,92,93,94,9;15;29;47;69;95,110,104,105,106,107,108,109,5;10;22;38;58;82;110,126,119,120,121,122,123,124,125,2;6;16;30;48;70;96;126,143,135,136,137,138,139,140,141,142,1;4;11;23;39;59;83;111;143,161
44,54,35;45,55,65,66,67,27;36;56,77,78,79,80,20;28;46;68,90,91,92,93,94,14;21;37;57;81,104,105,106,107,108,109,9;15;29;47;69;95,119,120,121,122,123,124,125,5;10;22;38;58;82;110,135,136,137,138,139,140,141,142,2;6;16;30;48;70;96;126,152,153,154,155,156,157,158,159,160,1;4;11;23;39;59;83;111;143
